Abate,
Abscond,
Abstain,
Abyss,
Adulterate,
Advocate,
Aesthetic,
Aggrandize,
Alleviate,
Amalgamate,
Ambiguous,
Ameliorate,
Anachronism,
Analogous,
Anomaly,
Antagonize,
Antipathy,
Apathy,
Arbitrate,
Archaic,
Ardor,
Articulate,
Assuage,
Attenuate,
Audacious,
Austere,
Banal,
Bolster,
Bombastic,
Cacophony,
Candid,
Capricious,
Castigate,
Catalyst,
Caustic,
Chaos,
Chauvinist,
Chicanery,
Cogent,
Condone,
Convoluted,
Corroborate,
Credulous,
Crescendo,
Decorum,
Deference,
Deride,
Desiccate,
Desultory,
Diatribe,
Diffident,
Dilate,
Dilatory,
Dilettante,
Dirge,
Disabuse,
Discern,
Disparate,
Dissemble,
Dissonance,
Dogma,
Dogmatic,
Dupe,
Eclectic,
Efficacy,
Elegy,
Eloquent,
Emulate,
Enervate,
Engender,
Enigma,
Enumerate,
Ephemeral,
Equivocate,
Erratic,
Erudite,
Esoteric,
Estimable,
Eulogy,
Euphemism,
Exacerbate,
Exculpate,
Exigent,
Exonerate,
Explicit,
Fanatical,
Fawn,
Fervid,
Florid,
Foment,
Frugality,
Garrulous,
Gregarious,
Guile,
Gullible,
Homogeneous,
Iconoclast,
Imperturbable,
Impervious,
Impetuous,
Implacable,
Inchoate,
Ingenuous,
Inimical,
Innocuous,
Insipid,
Intransigent,
Inundate,
Irascible,
Laconic,
Lament,
Laud,
Lavish,
Lethargic,
Loquacious,
Lucid,
Luminous,
Malinger,
Malleable,
Metaphor,
Meticulous,
Misanthrope,
Mitigate,
Mollify,
Monotony,
Naive,
Obdurate,
Obsequious,
Obstinate,
Obviate,
Occlude,
Onerous,
Opaque,
Opprobrium,
Ostentation,
Paradox,
Paragon,
Pedant,
Perfidious,
Perfunctory,
Permeate,
Philanthropy,
Placate,
Plastic,
Plethora,
Pragmatic,
Precipitate,
Prevaricate,
Pristine,
Prodigal,
Proliferate,
Propitiate,
Propriety,
Prudence,
Pungent,
Quiescent,
Rarefy,
Repudiate,
Reticent,
Rhetoric,
Satiate,
Soporific,
Specious,
Stigma,
Stolid,
Sublime,
Tacit,
Taciturn,
Tirade,
Torpor,
Transitory,
Vacillate,
Venerate,
Veracity,
Verbose,
Vex,
Volatile,
Waver,
Whimsical,
Zeal,
